[{"id":0,"referencia":"camisa hombre m","precio":10000,"descripcion":"ropa masculina casual"},{"id":1,"referencia":"camisa hombre l","precio":15000,"descripcion":"ropa masculina casual"},{"id":2,"referencia":"camisa hombre sm","precio":20000,"descripcion":"ropa masculina casual"},{"id":3,"referencia":"camisa hombre xl","precio":30000,"descripcion":"ropa masculina casual"},{"id":4,"referencia":"camisa hombre xxl","precio":40000,"descripcion":"ropa masculina casual"},{"id":5,"referencia":"camisa hombre xm","precio":50000,"descripcion":"ropa masculina casual"},{"id":6,"referencia":"falda mujer m","precio":60000,"descripcion":"ropa femenina casual"},{"id":7,"referencia":"pantalon hombre m","precio":70000,"descripcion":"ropa masculina deportiva"},{"id":8,"referencia":"pantalon hombre l","precio":80000,"descripcion":"ropa masculina deportiva"}]