[{"nombre":"almacenes la 0","tipo":"supermercado","forma_pago":"45 dias","tiempoActivo":1},{"nombre":"almacenes la 1","tipo":"grandes superficies","forma_pago":"30 dias","tiempoActivo":12},{"nombre":"almacenes la 2","tipo":"tienda","forma_pago":"30 dias","tiempoActivo":12},{"nombre":"almacenes la 3","tipo":"tienda","forma_pago":"10 dias","tiempoActivo":16},{"nombre":"almacenes la 4","tipo":"hipermercado","forma_pago":"45 dias","tiempoActivo":3},{"nombre":"almacenes la 5","tipo":"grandes superficies","forma_pago":"10 dias","tiempoActivo":2},{"nombre":"almacenes la 6","tipo":"tienda","forma_pago":"45 dias","tiempoActivo":2},{"nombre":"almacenes la 7","tipo":"supermercado","forma_pago":"10 dias","tiempoActivo":3},{"nombre":"almacenes la 8","tipo":"tienda","forma_pago":"10 dias","tiempoActivo":5},{"nombre":"almacenes la 9","tipo":"grandes superficies","forma_pago":"45 dias","tiempoActivo":8},{"nombre":"almacenes la 10","tipo":"supermercado","forma_pago":"10 dias","tiempoActivo":13},{"nombre":"almacenes la 11","tipo":"grandes superficies","forma_pago":"45 dias","tiempoActivo":15},{"nombre":"almacenes la 12","tipo":"supermercado","forma_pago":"30 dias","tiempoActivo":12},{"nombre":"almacenes la 13","tipo":"tienda","forma_pago":"60 dias","tiempoActivo":6},{"nombre":"almacenes la 14","tipo":"hipermercado","forma_pago":"contado","tiempoActivo":5},{"nombre":"almacenes la 15","tipo":"grandes superficies","forma_pago":"45 dias","tiempoActivo":7},{"nombre":"almacenes la 16","tipo":"supermercado","forma_pago":"45 dias","tiempoActivo":4},{"nombre":"almacenes la 17","tipo":"tienda","forma_pago":"30 dias","tiempoActivo":6},{"nombre":"almacenes la 18","tipo":"hipermercado","forma_pago":"45 dias","tiempoActivo":17},{"nombre":"almacenes la 19","tipo":"tienda","forma_pago":"30 dias","tiempoActivo":10},{"nombre":"almacenes la 20","tipo":"supermercado","forma_pago":"10 dias","tiempoActivo":2},{"nombre":"almacenes la 21","tipo":"tienda","forma_pago":"60 dias","tiempoActivo":3},{"nombre":"almacenes la 22","tipo":"hipermercado","forma_pago":"10 dias","tiempoActivo":3},{"nombre":"almacenes la 23","tipo":"supermercado","forma_pago":"45 dias","tiempoActivo":5},{"nombre":"almacenes la 24","tipo":"tienda","forma_pago":"45 dias","tiempoActivo":3},{"nombre":"almacenes la 25","tipo":"tienda","forma_pago":"contado","tiempoActivo":13},{"nombre":"almacenes la 26","tipo":"hipermercado","forma_pago":"45 dias","tiempoActivo":4},{"nombre":"almacenes la 27","tipo":"hipermercado","forma_pago":"30 dias","tiempoActivo":2},{"nombre":"almacenes la 28","tipo":"tienda","forma_pago":"45 dias","tiempoActivo":8},{"nombre":"almacenes la 29","tipo":"grandes superficies","forma_pago":"contado","tiempoActivo":16},{"nombre":"almacenes la 30","tipo":"supermercado","forma_pago":"60 dias","tiempoActivo":17},{"nombre":"almacenes la 31","tipo":"hipermercado","forma_pago":"45 dias","tiempoActivo":13},{"nombre":"almacenes la 32","tipo":"grandes superficies","forma_pago":"60 dias","tiempoActivo":10},{"nombre":"almacenes la 33","tipo":"hipermercado","forma_pago":"contado","tiempoActivo":9},{"nombre":"almacenes la 34","tipo":"hipermercado","forma_pago":"60 dias","tiempoActivo":2},{"nombre":"almacenes la 35","tipo":"hipermercado","forma_pago":"30 dias","tiempoActivo":11},{"nombre":"almacenes la 36","tipo":"supermercado","forma_pago":"45 dias","tiempoActivo":4},{"nombre":"almacenes la 37","tipo":"grandes superficies","forma_pago":"contado","tiempoActivo":7},{"nombre":"almacenes la 38","tipo":"supermercado","forma_pago":"10 dias","tiempoActivo":9},{"nombre":"almacenes la 39","tipo":"supermercado","forma_pago":"10 dias","tiempoActivo":12},{"nombre":"almacenes la 40","tipo":"hipermercado","forma_pago":"45 dias","tiempoActivo":14},{"nombre":"almacenes la 41","tipo":"hipermercado","forma_pago":"45 dias","tiempoActivo":1},{"nombre":"almacenes la 42","tipo":"hipermercado","forma_pago":"30 dias","tiempoActivo":13},{"nombre":"almacenes la 43","tipo":"hipermercado","forma_pago":"contado","tiempoActivo":16},{"nombre":"almacenes la 44","tipo":"grandes superficies","forma_pago":"60 dias","tiempoActivo":17},{"nombre":"almacenes la 45","tipo":"grandes superficies","forma_pago":"45 dias","tiempoActivo":10},{"nombre":"almacenes la 46","tipo":"hipermercado","forma_pago":"10 dias","tiempoActivo":1},{"nombre":"almacenes la 47","tipo":"hipermercado","forma_pago":"30 dias","tiempoActivo":7},{"nombre":"almacenes la 48","tipo":"grandes superficies","forma_pago":"10 dias","tiempoActivo":6},{"nombre":"almacenes la 49","tipo":"supermercado","forma_pago":"60 dias","tiempoActivo":17},{"nombre":"almacenes la 50","tipo":"hipermercado","forma_pago":"10 dias","tiempoActivo":9},{"nombre":"almacenes la 51","tipo":"supermercado","forma_pago":"contado","tiempoActivo":0},{"nombre":"almacenes la 52","tipo":"tienda","forma_pago":"60 dias","tiempoActivo":6},{"nombre":"almacenes la 53","tipo":"grandes superficies","forma_pago":"10 dias","tiempoActivo":3},{"nombre":"almacenes la 54","tipo":"hipermercado","forma_pago":"contado","tiempoActivo":3},{"nombre":"almacenes la 55","tipo":"grandes superficies","forma_pago":"10 dias","tiempoActivo":5},{"nombre":"almacenes la 56","tipo":"grandes superficies","forma_pago":"60 dias","tiempoActivo":6},{"nombre":"almacenes la 57","tipo":"supermercado","forma_pago":"10 dias","tiempoActivo":12},{"nombre":"almacenes la 58","tipo":"supermercado","forma_pago":"10 dias","tiempoActivo":10},{"nombre":"almacenes la 59","tipo":"tienda","forma_pago":"10 dias","tiempoActivo":3},{"nombre":"almacenes la 60","tipo":"grandes superficies","forma_pago":"contado","tiempoActivo":17},{"nombre":"almacenes la 61","tipo":"supermercado","forma_pago":"30 dias","tiempoActivo":3},{"nombre":"almacenes la 62","tipo":"tienda","forma_pago":"contado","tiempoActivo":15},{"nombre":"almacenes la 63","tipo":"tienda","forma_pago":"10 dias","tiempoActivo":11},{"nombre":"almacenes la 64","tipo":"grandes superficies","forma_pago":"10 dias","tiempoActivo":8},{"nombre":"almacenes la 65","tipo":"tienda","forma_pago":"30 dias","tiempoActivo":7},{"nombre":"almacenes la 66","tipo":"hipermercado","forma_pago":"10 dias","tiempoActivo":10},{"nombre":"almacenes la 67","tipo":"supermercado","forma_pago":"30 dias","tiempoActivo":11},{"nombre":"almacenes la 68","tipo":"tienda","forma_pago":"30 dias","tiempoActivo":4},{"nombre":"almacenes la 69","tipo":"supermercado","forma_pago":"10 dias","tiempoActivo":6},{"nombre":"almacenes la 70","tipo":"supermercado","forma_pago":"10 dias","tiempoActivo":2},{"nombre":"almacenes la 71","tipo":"hipermercado","forma_pago":"10 dias","tiempoActivo":16},{"nombre":"almacenes la 72","tipo":"supermercado","forma_pago":"10 dias","tiempoActivo":14},{"nombre":"almacenes la 73","tipo":"supermercado","forma_pago":"10 dias","tiempoActivo":6},{"nombre":"almacenes la 74","tipo":"hipermercado","forma_pago":"contado","tiempoActivo":1},{"nombre":"almacenes la 75","tipo":"grandes superficies","forma_pago":"30 dias","tiempoActivo":3},{"nombre":"almacenes la 76","tipo":"grandes superficies","forma_pago":"10 dias","tiempoActivo":8},{"nombre":"almacenes la 77","tipo":"supermercado","forma_pago":"contado","tiempoActivo":2},{"nombre":"almacenes la 78","tipo":"supermercado","forma_pago":"10 dias","tiempoActivo":15},{"nombre":"almacenes la 79","tipo":"supermercado","forma_pago":"60 dias","tiempoActivo":6},{"nombre":"almacenes la 80","tipo":"hipermercado","forma_pago":"60 dias","tiempoActivo":8},{"nombre":"almacenes la 81","tipo":"supermercado","forma_pago":"contado","tiempoActivo":15},{"nombre":"almacenes la 82","tipo":"hipermercado","forma_pago":"contado","tiempoActivo":8},{"nombre":"almacenes la 83","tipo":"hipermercado","forma_pago":"30 dias","tiempoActivo":16},{"nombre":"almacenes la 84","tipo":"grandes superficies","forma_pago":"30 dias","tiempoActivo":15},{"nombre":"almacenes la 85","tipo":"tienda","forma_pago":"60 dias","tiempoActivo":12},{"nombre":"almacenes la 86","tipo":"supermercado","forma_pago":"contado","tiempoActivo":9},{"nombre":"almacenes la 87","tipo":"tienda","forma_pago":"contado","tiempoActivo":5},{"nombre":"almacenes la 88","tipo":"tienda","forma_pago":"10 dias","tiempoActivo":2},{"nombre":"almacenes la 89","tipo":"grandes superficies","forma_pago":"contado","tiempoActivo":16},{"nombre":"almacenes la 90","tipo":"tienda","forma_pago":"contado","tiempoActivo":13},{"nombre":"almacenes la 91","tipo":"tienda","forma_pago":"30 dias","tiempoActivo":8},{"nombre":"almacenes la 92","tipo":"grandes superficies","forma_pago":"contado","tiempoActivo":2},{"nombre":"almacenes la 93","tipo":"hipermercado","forma_pago":"45 dias","tiempoActivo":9},{"nombre":"almacenes la 94","tipo":"supermercado","forma_pago":"30 dias","tiempoActivo":6},{"nombre":"almacenes la 95","tipo":"grandes superficies","forma_pago":"30 dias","tiempoActivo":10},{"nombre":"almacenes la 96","tipo":"hipermercado","forma_pago":"contado","tiempoActivo":8},{"nombre":"almacenes la 97","tipo":"hipermercado","forma_pago":"60 dias","tiempoActivo":11},{"nombre":"almacenes la 98","tipo":"hipermercado","forma_pago":"10 dias","tiempoActivo":0},{"nombre":"almacenes la 99","tipo":"grandes superficies","forma_pago":"contado","tiempoActivo":9},{"nombre":"almacenes la 100","tipo":"hipermercado","forma_pago":"30 dias","tiempoActivo":16},{"nombre":"almacenes la 101","tipo":"grandes superficies","forma_pago":"10 dias","tiempoActivo":3},{"nombre":"almacenes la 102","tipo":"supermercado","forma_pago":"10 dias","tiempoActivo":7},{"nombre":"almacenes la 103","tipo":"tienda","forma_pago":"contado","tiempoActivo":8},{"nombre":"almacenes la 104","tipo":"supermercado","forma_pago":"10 dias","tiempoActivo":1},{"nombre":"almacenes la 105","tipo":"tienda","forma_pago":"60 dias","tiempoActivo":6},{"nombre":"almacenes la 106","tipo":"supermercado","forma_pago":"45 dias","tiempoActivo":6},{"nombre":"almacenes la 107","tipo":"hipermercado","forma_pago":"contado","tiempoActivo":10},{"nombre":"almacenes la 108","tipo":"supermercado","forma_pago":"45 dias","tiempoActivo":9},{"nombre":"almacenes la 109","tipo":"grandes superficies","forma_pago":"45 dias","tiempoActivo":10},{"nombre":"almacenes la 110","tipo":"grandes superficies","forma_pago":"60 dias","tiempoActivo":12},{"nombre":"almacenes la 111","tipo":"grandes superficies","forma_pago":"30 dias","tiempoActivo":16},{"nombre":"almacenes la 112","tipo":"grandes superficies","forma_pago":"45 dias","tiempoActivo":11},{"nombre":"almacenes la 113","tipo":"grandes superficies","forma_pago":"contado","tiempoActivo":1},{"nombre":"almacenes la 114","tipo":"grandes superficies","forma_pago":"10 dias","tiempoActivo":11},{"nombre":"almacenes la 115","tipo":"supermercado","forma_pago":"45 dias","tiempoActivo":5},{"nombre":"almacenes la 116","tipo":"supermercado","forma_pago":"45 dias","tiempoActivo":0},{"nombre":"almacenes la 117","tipo":"grandes superficies","forma_pago":"10 dias","tiempoActivo":11},{"nombre":"almacenes la 118","tipo":"grandes superficies","forma_pago":"60 dias","tiempoActivo":9},{"nombre":"almacenes la 119","tipo":"hipermercado","forma_pago":"45 dias","tiempoActivo":0},{"nombre":"almacenes la 120","tipo":"tienda","forma_pago":"60 dias","tiempoActivo":8},{"nombre":"almacenes la 121","tipo":"supermercado","forma_pago":"contado","tiempoActivo":1},{"nombre":"almacenes la 122","tipo":"tienda","forma_pago":"45 dias","tiempoActivo":5},{"nombre":"almacenes la 123","tipo":"supermercado","forma_pago":"60 dias","tiempoActivo":10},{"nombre":"almacenes la 124","tipo":"tienda","forma_pago":"30 dias","tiempoActivo":0},{"nombre":"almacenes la 125","tipo":"tienda","forma_pago":"30 dias","tiempoActivo":14},{"nombre":"almacenes la 126","tipo":"hipermercado","forma_pago":"10 dias","tiempoActivo":7},{"nombre":"almacenes la 127","tipo":"supermercado","forma_pago":"60 dias","tiempoActivo":2},{"nombre":"almacenes la 128","tipo":"hipermercado","forma_pago":"45 dias","tiempoActivo":7},{"nombre":"almacenes la 129","tipo":"supermercado","forma_pago":"30 dias","tiempoActivo":9},{"nombre":"almacenes la 130","tipo":"hipermercado","forma_pago":"60 dias","tiempoActivo":6},{"nombre":"almacenes la 131","tipo":"grandes superficies","forma_pago":"30 dias","tiempoActivo":5},{"nombre":"almacenes la 132","tipo":"grandes superficies","forma_pago":"60 dias","tiempoActivo":14},{"nombre":"almacenes la 133","tipo":"grandes superficies","forma_pago":"30 dias","tiempoActivo":16},{"nombre":"almacenes la 134","tipo":"hipermercado","forma_pago":"30 dias","tiempoActivo":2},{"nombre":"almacenes la 135","tipo":"hipermercado","forma_pago":"30 dias","tiempoActivo":13},{"nombre":"almacenes la 136","tipo":"tienda","forma_pago":"45 dias","tiempoActivo":2},{"nombre":"almacenes la 137","tipo":"grandes superficies","forma_pago":"contado","tiempoActivo":15},{"nombre":"almacenes la 138","tipo":"grandes superficies","forma_pago":"contado","tiempoActivo":14},{"nombre":"almacenes la 139","tipo":"hipermercado","forma_pago":"45 dias","tiempoActivo":8},{"nombre":"almacenes la 140","tipo":"hipermercado","forma_pago":"contado","tiempoActivo":16},{"nombre":"almacenes la 141","tipo":"supermercado","forma_pago":"60 dias","tiempoActivo":7},{"nombre":"almacenes la 142","tipo":"supermercado","forma_pago":"30 dias","tiempoActivo":5},{"nombre":"almacenes la 143","tipo":"supermercado","forma_pago":"30 dias","tiempoActivo":0},{"nombre":"almacenes la 144","tipo":"tienda","forma_pago":"contado","tiempoActivo":5},{"nombre":"almacenes la 145","tipo":"supermercado","forma_pago":"10 dias","tiempoActivo":15},{"nombre":"almacenes la 146","tipo":"tienda","forma_pago":"30 dias","tiempoActivo":15},{"nombre":"almacenes la 147","tipo":"supermercado","forma_pago":"60 dias","tiempoActivo":1},{"nombre":"almacenes la 148","tipo":"supermercado","forma_pago":"30 dias","tiempoActivo":5},{"nombre":"almacenes la 149","tipo":"supermercado","forma_pago":"30 dias","tiempoActivo":12},{"nombre":"almacenes la 150","tipo":"hipermercado","forma_pago":"10 dias","tiempoActivo":9},{"nombre":"almacenes la 151","tipo":"tienda","forma_pago":"45 dias","tiempoActivo":14},{"nombre":"almacenes la 152","tipo":"hipermercado","forma_pago":"10 dias","tiempoActivo":9},{"nombre":"almacenes la 153","tipo":"grandes superficies","forma_pago":"10 dias","tiempoActivo":13},{"nombre":"almacenes la 154","tipo":"hipermercado","forma_pago":"30 dias","tiempoActivo":14},{"nombre":"almacenes la 155","tipo":"grandes superficies","forma_pago":"45 dias","tiempoActivo":1},{"nombre":"almacenes la 156","tipo":"tienda","forma_pago":"contado","tiempoActivo":17},{"nombre":"almacenes la 157","tipo":"grandes superficies","forma_pago":"45 dias","tiempoActivo":13},{"nombre":"almacenes la 158","tipo":"grandes superficies","forma_pago":"30 dias","tiempoActivo":11},{"nombre":"almacenes la 159","tipo":"tienda","forma_pago":"contado","tiempoActivo":11},{"nombre":"almacenes la 160","tipo":"grandes superficies","forma_pago":"30 dias","tiempoActivo":6},{"nombre":"almacenes la 161","tipo":"hipermercado","forma_pago":"45 dias","tiempoActivo":7},{"nombre":"almacenes la 162","tipo":"supermercado","forma_pago":"10 dias","tiempoActivo":14},{"nombre":"almacenes la 163","tipo":"tienda","forma_pago":"30 dias","tiempoActivo":11},{"nombre":"almacenes la 164","tipo":"supermercado","forma_pago":"30 dias","tiempoActivo":9},{"nombre":"almacenes la 165","tipo":"tienda","forma_pago":"45 dias","tiempoActivo":9},{"nombre":"almacenes la 166","tipo":"tienda","forma_pago":"60 dias","tiempoActivo":10},{"nombre":"almacenes la 167","tipo":"supermercado","forma_pago":"60 dias","tiempoActivo":11},{"nombre":"almacenes la 168","tipo":"hipermercado","forma_pago":"45 dias","tiempoActivo":7},{"nombre":"almacenes la 169","tipo":"grandes superficies","forma_pago":"45 dias","tiempoActivo":15},{"nombre":"almacenes la 170","tipo":"grandes superficies","forma_pago":"30 dias","tiempoActivo":17},{"nombre":"almacenes la 171","tipo":"supermercado","forma_pago":"45 dias","tiempoActivo":3},{"nombre":"almacenes la 172","tipo":"hipermercado","forma_pago":"10 dias","tiempoActivo":4},{"nombre":"almacenes la 173","tipo":"grandes superficies","forma_pago":"contado","tiempoActivo":13},{"nombre":"almacenes la 174","tipo":"hipermercado","forma_pago":"30 dias","tiempoActivo":6},{"nombre":"almacenes la 175","tipo":"hipermercado","forma_pago":"60 dias","tiempoActivo":2},{"nombre":"almacenes la 176","tipo":"tienda","forma_pago":"60 dias","tiempoActivo":3},{"nombre":"almacenes la 177","tipo":"supermercado","forma_pago":"10 dias","tiempoActivo":7},{"nombre":"almacenes la 178","tipo":"grandes superficies","forma_pago":"45 dias","tiempoActivo":1},{"nombre":"almacenes la 179","tipo":"tienda","forma_pago":"10 dias","tiempoActivo":6},{"nombre":"almacenes la 180","tipo":"grandes superficies","forma_pago":"60 dias","tiempoActivo":7},{"nombre":"almacenes la 181","tipo":"grandes superficies","forma_pago":"60 dias","tiempoActivo":6},{"nombre":"almacenes la 182","tipo":"hipermercado","forma_pago":"60 dias","tiempoActivo":4},{"nombre":"almacenes la 183","tipo":"tienda","forma_pago":"30 dias","tiempoActivo":8},{"nombre":"almacenes la 184","tipo":"hipermercado","forma_pago":"30 dias","tiempoActivo":10},{"nombre":"almacenes la 185","tipo":"grandes superficies","forma_pago":"contado","tiempoActivo":8},{"nombre":"almacenes la 186","tipo":"hipermercado","forma_pago":"60 dias","tiempoActivo":16},{"nombre":"almacenes la 187","tipo":"tienda","forma_pago":"60 dias","tiempoActivo":17},{"nombre":"almacenes la 188","tipo":"tienda","forma_pago":"10 dias","tiempoActivo":13},{"nombre":"almacenes la 189","tipo":"supermercado","forma_pago":"10 dias","tiempoActivo":5},{"nombre":"almacenes la 190","tipo":"hipermercado","forma_pago":"60 dias","tiempoActivo":1},{"nombre":"almacenes la 191","tipo":"supermercado","forma_pago":"60 dias","tiempoActivo":14},{"nombre":"almacenes la 192","tipo":"tienda","forma_pago":"45 dias","tiempoActivo":0},{"nombre":"almacenes la 193","tipo":"grandes superficies","forma_pago":"45 dias","tiempoActivo":10},{"nombre":"almacenes la 194","tipo":"supermercado","forma_pago":"60 dias","tiempoActivo":4},{"nombre":"almacenes la 195","tipo":"tienda","forma_pago":"contado","tiempoActivo":13},{"nombre":"almacenes la 196","tipo":"hipermercado","forma_pago":"30 dias","tiempoActivo":5},{"nombre":"almacenes la 197","tipo":"tienda","forma_pago":"45 dias","tiempoActivo":10},{"nombre":"almacenes la 198","tipo":"grandes superficies","forma_pago":"contado","tiempoActivo":13},{"nombre":"almacenes la 199","tipo":"tienda","forma_pago":"contado","tiempoActivo":9},{"nombre":"almacenes la 200","tipo":"supermercado","forma_pago":"contado","tiempoActivo":9},{"nombre":"almacenes la 201","tipo":"hipermercado","forma_pago":"contado","tiempoActivo":9},{"nombre":"almacenes la 202","tipo":"tienda","forma_pago":"contado","tiempoActivo":2},{"nombre":"almacenes la 203","tipo":"supermercado","forma_pago":"10 dias","tiempoActivo":6},{"nombre":"almacenes la 204","tipo":"grandes superficies","forma_pago":"45 dias","tiempoActivo":5},{"nombre":"almacenes la 205","tipo":"supermercado","forma_pago":"contado","tiempoActivo":3},{"nombre":"almacenes la 206","tipo":"tienda","forma_pago":"45 dias","tiempoActivo":13},{"nombre":"almacenes la 207","tipo":"grandes superficies","forma_pago":"contado","tiempoActivo":3},{"nombre":"almacenes la 208","tipo":"tienda","forma_pago":"30 dias","tiempoActivo":3},{"nombre":"almacenes la 209","tipo":"supermercado","forma_pago":"30 dias","tiempoActivo":14},{"nombre":"almacenes la 210","tipo":"grandes superficies","forma_pago":"60 dias","tiempoActivo":9},{"nombre":"almacenes la 211","tipo":"tienda","forma_pago":"contado","tiempoActivo":12},{"nombre":"almacenes la 212","tipo":"hipermercado","forma_pago":"30 dias","tiempoActivo":2},{"nombre":"almacenes la 213","tipo":"hipermercado","forma_pago":"45 dias","tiempoActivo":8},{"nombre":"almacenes la 214","tipo":"supermercado","forma_pago":"60 dias","tiempoActivo":17},{"nombre":"almacenes la 215","tipo":"supermercado","forma_pago":"30 dias","tiempoActivo":13},{"nombre":"almacenes la 216","tipo":"hipermercado","forma_pago":"60 dias","tiempoActivo":2},{"nombre":"almacenes la 217","tipo":"hipermercado","forma_pago":"30 dias","tiempoActivo":14},{"nombre":"almacenes la 218","tipo":"grandes superficies","forma_pago":"30 dias","tiempoActivo":1},{"nombre":"almacenes la 219","tipo":"supermercado","forma_pago":"contado","tiempoActivo":7},{"nombre":"almacenes la 220","tipo":"grandes superficies","forma_pago":"45 dias","tiempoActivo":16},{"nombre":"almacenes la 221","tipo":"supermercado","forma_pago":"contado","tiempoActivo":13},{"nombre":"almacenes la 222","tipo":"tienda","forma_pago":"contado","tiempoActivo":6},{"nombre":"almacenes la 223","tipo":"supermercado","forma_pago":"45 dias","tiempoActivo":3},{"nombre":"almacenes la 224","tipo":"grandes superficies","forma_pago":"contado","tiempoActivo":6},{"nombre":"almacenes la 225","tipo":"tienda","forma_pago":"10 dias","tiempoActivo":10},{"nombre":"almacenes la 226","tipo":"hipermercado","forma_pago":"30 dias","tiempoActivo":10},{"nombre":"almacenes la 227","tipo":"grandes superficies","forma_pago":"10 dias","tiempoActivo":5},{"nombre":"almacenes la 228","tipo":"grandes superficies","forma_pago":"45 dias","tiempoActivo":12},{"nombre":"almacenes la 229","tipo":"hipermercado","forma_pago":"45 dias","tiempoActivo":13},{"nombre":"almacenes la 230","tipo":"grandes superficies","forma_pago":"10 dias","tiempoActivo":14},{"nombre":"almacenes la 231","tipo":"grandes superficies","forma_pago":"30 dias","tiempoActivo":3},{"nombre":"almacenes la 232","tipo":"supermercado","forma_pago":"10 dias","tiempoActivo":2},{"nombre":"almacenes la 233","tipo":"grandes superficies","forma_pago":"contado","tiempoActivo":7},{"nombre":"almacenes la 234","tipo":"hipermercado","forma_pago":"45 dias","tiempoActivo":12},{"nombre":"almacenes la 235","tipo":"tienda","forma_pago":"contado","tiempoActivo":13},{"nombre":"almacenes la 236","tipo":"tienda","forma_pago":"45 dias","tiempoActivo":16},{"nombre":"almacenes la 237","tipo":"grandes superficies","forma_pago":"contado","tiempoActivo":10},{"nombre":"almacenes la 238","tipo":"hipermercado","forma_pago":"30 dias","tiempoActivo":14},{"nombre":"almacenes la 239","tipo":"tienda","forma_pago":"10 dias","tiempoActivo":14},{"nombre":"almacenes la 240","tipo":"supermercado","forma_pago":"contado","tiempoActivo":10},{"nombre":"almacenes la 241","tipo":"grandes superficies","forma_pago":"contado","tiempoActivo":16},{"nombre":"almacenes la 242","tipo":"supermercado","forma_pago":"45 dias","tiempoActivo":7},{"nombre":"almacenes la 243","tipo":"grandes superficies","forma_pago":"30 dias","tiempoActivo":3},{"nombre":"almacenes la 244","tipo":"tienda","forma_pago":"45 dias","tiempoActivo":8},{"nombre":"almacenes la 245","tipo":"hipermercado","forma_pago":"contado","tiempoActivo":16},{"nombre":"almacenes la 246","tipo":"grandes superficies","forma_pago":"contado","tiempoActivo":2},{"nombre":"almacenes la 247","tipo":"grandes superficies","forma_pago":"45 dias","tiempoActivo":2},{"nombre":"almacenes la 248","tipo":"tienda","forma_pago":"30 dias","tiempoActivo":2},{"nombre":"almacenes la 249","tipo":"hipermercado","forma_pago":"45 dias","tiempoActivo":3},{"nombre":"almacenes la 250","tipo":"tienda","forma_pago":"10 dias","tiempoActivo":6},{"nombre":"almacenes la 251","tipo":"supermercado","forma_pago":"60 dias","tiempoActivo":1},{"nombre":"almacenes la 252","tipo":"tienda","forma_pago":"10 dias","tiempoActivo":2},{"nombre":"almacenes la 253","tipo":"tienda","forma_pago":"10 dias","tiempoActivo":1},{"nombre":"almacenes la 254","tipo":"hipermercado","forma_pago":"10 dias","tiempoActivo":3},{"nombre":"almacenes la 255","tipo":"supermercado","forma_pago":"60 dias","tiempoActivo":7},{"nombre":"almacenes la 256","tipo":"supermercado","forma_pago":"30 dias","tiempoActivo":17},{"nombre":"almacenes la 257","tipo":"hipermercado","forma_pago":"contado","tiempoActivo":13},{"nombre":"almacenes la 258","tipo":"supermercado","forma_pago":"45 dias","tiempoActivo":5},{"nombre":"almacenes la 259","tipo":"hipermercado","forma_pago":"45 dias","tiempoActivo":15},{"nombre":"almacenes la 260","tipo":"grandes superficies","forma_pago":"10 dias","tiempoActivo":9},{"nombre":"almacenes la 261","tipo":"tienda","forma_pago":"30 dias","tiempoActivo":8},{"nombre":"almacenes la 262","tipo":"supermercado","forma_pago":"30 dias","tiempoActivo":7},{"nombre":"almacenes la 263","tipo":"supermercado","forma_pago":"30 dias","tiempoActivo":3},{"nombre":"almacenes la 264","tipo":"hipermercado","forma_pago":"60 dias","tiempoActivo":11},{"nombre":"almacenes la 265","tipo":"tienda","forma_pago":"10 dias","tiempoActivo":7},{"nombre":"almacenes la 266","tipo":"hipermercado","forma_pago":"45 dias","tiempoActivo":12},{"nombre":"almacenes la 267","tipo":"supermercado","forma_pago":"contado","tiempoActivo":11},{"nombre":"almacenes la 268","tipo":"tienda","forma_pago":"contado","tiempoActivo":15},{"nombre":"almacenes la 269","tipo":"grandes superficies","forma_pago":"contado","tiempoActivo":4},{"nombre":"almacenes la 270","tipo":"grandes superficies","forma_pago":"10 dias","tiempoActivo":0},{"nombre":"almacenes la 271","tipo":"supermercado","forma_pago":"30 dias","tiempoActivo":15},{"nombre":"almacenes la 272","tipo":"grandes superficies","forma_pago":"10 dias","tiempoActivo":4},{"nombre":"almacenes la 273","tipo":"grandes superficies","forma_pago":"10 dias","tiempoActivo":7},{"nombre":"almacenes la 274","tipo":"grandes superficies","forma_pago":"10 dias","tiempoActivo":17},{"nombre":"almacenes la 275","tipo":"tienda","forma_pago":"contado","tiempoActivo":0},{"nombre":"almacenes la 276","tipo":"hipermercado","forma_pago":"45 dias","tiempoActivo":0},{"nombre":"almacenes la 277","tipo":"supermercado","forma_pago":"10 dias","tiempoActivo":3},{"nombre":"almacenes la 278","tipo":"supermercado","forma_pago":"60 dias","tiempoActivo":5},{"nombre":"almacenes la 279","tipo":"tienda","forma_pago":"contado","tiempoActivo":17},{"nombre":"almacenes la 280","tipo":"grandes superficies","forma_pago":"10 dias","tiempoActivo":1},{"nombre":"almacenes la 281","tipo":"hipermercado","forma_pago":"contado","tiempoActivo":15},{"nombre":"almacenes la 282","tipo":"supermercado","forma_pago":"10 dias","tiempoActivo":2},{"nombre":"almacenes la 283","tipo":"grandes superficies","forma_pago":"45 dias","tiempoActivo":4},{"nombre":"almacenes la 284","tipo":"supermercado","forma_pago":"60 dias","tiempoActivo":11},{"nombre":"almacenes la 285","tipo":"grandes superficies","forma_pago":"10 dias","tiempoActivo":6},{"nombre":"almacenes la 286","tipo":"hipermercado","forma_pago":"contado","tiempoActivo":16},{"nombre":"almacenes la 287","tipo":"supermercado","forma_pago":"10 dias","tiempoActivo":3},{"nombre":"almacenes la 288","tipo":"grandes superficies","forma_pago":"contado","tiempoActivo":5},{"nombre":"almacenes la 289","tipo":"tienda","forma_pago":"30 dias","tiempoActivo":5},{"nombre":"almacenes la 290","tipo":"grandes superficies","forma_pago":"10 dias","tiempoActivo":15},{"nombre":"almacenes la 291","tipo":"tienda","forma_pago":"60 dias","tiempoActivo":9},{"nombre":"almacenes la 292","tipo":"supermercado","forma_pago":"contado","tiempoActivo":0},{"nombre":"almacenes la 293","tipo":"hipermercado","forma_pago":"45 dias","tiempoActivo":9},{"nombre":"almacenes la 294","tipo":"grandes superficies","forma_pago":"60 dias","tiempoActivo":12},{"nombre":"almacenes la 295","tipo":"hipermercado","forma_pago":"10 dias","tiempoActivo":9},{"nombre":"almacenes la 296","tipo":"hipermercado","forma_pago":"60 dias","tiempoActivo":9},{"nombre":"almacenes la 297","tipo":"tienda","forma_pago":"60 dias","tiempoActivo":10},{"nombre":"almacenes la 298","tipo":"grandes superficies","forma_pago":"60 dias","tiempoActivo":0},{"nombre":"almacenes la 299","tipo":"grandes superficies","forma_pago":"45 dias","tiempoActivo":7},{"nombre":"almacenes la 300","tipo":"supermercado","forma_pago":"contado","tiempoActivo":6},{"nombre":"almacenes la 301","tipo":"hipermercado","forma_pago":"60 dias","tiempoActivo":7},{"nombre":"almacenes la 302","tipo":"tienda","forma_pago":"60 dias","tiempoActivo":12},{"nombre":"almacenes la 303","tipo":"hipermercado","forma_pago":"contado","tiempoActivo":17},{"nombre":"almacenes la 304","tipo":"supermercado","forma_pago":"30 dias","tiempoActivo":13},{"nombre":"almacenes la 305","tipo":"supermercado","forma_pago":"45 dias","tiempoActivo":5},{"nombre":"almacenes la 306","tipo":"tienda","forma_pago":"10 dias","tiempoActivo":13},{"nombre":"almacenes la 307","tipo":"grandes superficies","forma_pago":"10 dias","tiempoActivo":6},{"nombre":"almacenes la 308","tipo":"tienda","forma_pago":"30 dias","tiempoActivo":16},{"nombre":"almacenes la 309","tipo":"hipermercado","forma_pago":"60 dias","tiempoActivo":8},{"nombre":"almacenes la 310","tipo":"grandes superficies","forma_pago":"60 dias","tiempoActivo":13},{"nombre":"almacenes la 311","tipo":"hipermercado","forma_pago":"10 dias","tiempoActivo":11},{"nombre":"almacenes la 312","tipo":"supermercado","forma_pago":"contado","tiempoActivo":5},{"nombre":"almacenes la 313","tipo":"hipermercado","forma_pago":"30 dias","tiempoActivo":7},{"nombre":"almacenes la 314","tipo":"hipermercado","forma_pago":"contado","tiempoActivo":15},{"nombre":"almacenes la 315","tipo":"hipermercado","forma_pago":"60 dias","tiempoActivo":3},{"nombre":"almacenes la 316","tipo":"grandes superficies","forma_pago":"30 dias","tiempoActivo":13},{"nombre":"almacenes la 317","tipo":"supermercado","forma_pago":"30 dias","tiempoActivo":17},{"nombre":"almacenes la 318","tipo":"hipermercado","forma_pago":"contado","tiempoActivo":6},{"nombre":"almacenes la 319","tipo":"hipermercado","forma_pago":"contado","tiempoActivo":16},{"nombre":"almacenes la 320","tipo":"hipermercado","forma_pago":"60 dias","tiempoActivo":0},{"nombre":"almacenes la 321","tipo":"tienda","forma_pago":"10 dias","tiempoActivo":14},{"nombre":"almacenes la 322","tipo":"supermercado","forma_pago":"60 dias","tiempoActivo":13},{"nombre":"almacenes la 323","tipo":"grandes superficies","forma_pago":"10 dias","tiempoActivo":10},{"nombre":"almacenes la 324","tipo":"grandes superficies","forma_pago":"contado","tiempoActivo":4},{"nombre":"almacenes la 325","tipo":"supermercado","forma_pago":"60 dias","tiempoActivo":16},{"nombre":"almacenes la 326","tipo":"supermercado","forma_pago":"45 dias","tiempoActivo":6},{"nombre":"almacenes la 327","tipo":"tienda","forma_pago":"45 dias","tiempoActivo":1},{"nombre":"almacenes la 328","tipo":"supermercado","forma_pago":"45 dias","tiempoActivo":3},{"nombre":"almacenes la 329","tipo":"grandes superficies","forma_pago":"60 dias","tiempoActivo":6},{"nombre":"almacenes la 330","tipo":"grandes superficies","forma_pago":"45 dias","tiempoActivo":10},{"nombre":"almacenes la 331","tipo":"tienda","forma_pago":"10 dias","tiempoActivo":3},{"nombre":"almacenes la 332","tipo":"tienda","forma_pago":"60 dias","tiempoActivo":4},{"nombre":"almacenes la 333","tipo":"supermercado","forma_pago":"45 dias","tiempoActivo":15},{"nombre":"almacenes la 334","tipo":"supermercado","forma_pago":"60 dias","tiempoActivo":6},{"nombre":"almacenes la 335","tipo":"supermercado","forma_pago":"30 dias","tiempoActivo":15},{"nombre":"almacenes la 336","tipo":"grandes superficies","forma_pago":"contado","tiempoActivo":8},{"nombre":"almacenes la 337","tipo":"supermercado","forma_pago":"30 dias","tiempoActivo":3},{"nombre":"almacenes la 338","tipo":"grandes superficies","forma_pago":"30 dias","tiempoActivo":7},{"nombre":"almacenes la 339","tipo":"supermercado","forma_pago":"30 dias","tiempoActivo":9},{"nombre":"almacenes la 340","tipo":"tienda","forma_pago":"contado","tiempoActivo":17},{"nombre":"almacenes la 341","tipo":"hipermercado","forma_pago":"45 dias","tiempoActivo":4},{"nombre":"almacenes la 342","tipo":"hipermercado","forma_pago":"30 dias","tiempoActivo":8},{"nombre":"almacenes la 343","tipo":"grandes superficies","forma_pago":"60 dias","tiempoActivo":2},{"nombre":"almacenes la 344","tipo":"supermercado","forma_pago":"45 dias","tiempoActivo":14},{"nombre":"almacenes la 345","tipo":"supermercado","forma_pago":"30 dias","tiempoActivo":11},{"nombre":"almacenes la 346","tipo":"hipermercado","forma_pago":"10 dias","tiempoActivo":1},{"nombre":"almacenes la 347","tipo":"hipermercado","forma_pago":"10 dias","tiempoActivo":6},{"nombre":"almacenes la 348","tipo":"supermercado","forma_pago":"60 dias","tiempoActivo":16},{"nombre":"almacenes la 349","tipo":"grandes superficies","forma_pago":"45 dias","tiempoActivo":4},{"nombre":"almacenes la 350","tipo":"tienda","forma_pago":"contado","tiempoActivo":11},{"nombre":"almacenes la 351","tipo":"tienda","forma_pago":"10 dias","tiempoActivo":1},{"nombre":"almacenes la 352","tipo":"tienda","forma_pago":"30 dias","tiempoActivo":1},{"nombre":"almacenes la 353","tipo":"supermercado","forma_pago":"30 dias","tiempoActivo":15},{"nombre":"almacenes la 354","tipo":"hipermercado","forma_pago":"10 dias","tiempoActivo":14},{"nombre":"almacenes la 355","tipo":"hipermercado","forma_pago":"60 dias","tiempoActivo":4},{"nombre":"almacenes la 356","tipo":"hipermercado","forma_pago":"45 dias","tiempoActivo":3},{"nombre":"almacenes la 357","tipo":"tienda","forma_pago":"45 dias","tiempoActivo":10},{"nombre":"almacenes la 358","tipo":"tienda","forma_pago":"45 dias","tiempoActivo":0},{"nombre":"almacenes la 359","tipo":"tienda","forma_pago":"60 dias","tiempoActivo":10},{"nombre":"almacenes la 360","tipo":"hipermercado","forma_pago":"45 dias","tiempoActivo":1},{"nombre":"almacenes la 361","tipo":"supermercado","forma_pago":"45 dias","tiempoActivo":9},{"nombre":"almacenes la 362","tipo":"supermercado","forma_pago":"60 dias","tiempoActivo":5},{"nombre":"almacenes la 363","tipo":"grandes superficies","forma_pago":"contado","tiempoActivo":17},{"nombre":"almacenes la 364","tipo":"hipermercado","forma_pago":"contado","tiempoActivo":7},{"nombre":"almacenes la 365","tipo":"hipermercado","forma_pago":"30 dias","tiempoActivo":8},{"nombre":"almacenes la 366","tipo":"tienda","forma_pago":"10 dias","tiempoActivo":14},{"nombre":"almacenes la 367","tipo":"grandes superficies","forma_pago":"60 dias","tiempoActivo":4},{"nombre":"almacenes la 368","tipo":"supermercado","forma_pago":"10 dias","tiempoActivo":7},{"nombre":"almacenes la 369","tipo":"tienda","forma_pago":"30 dias","tiempoActivo":16},{"nombre":"almacenes la 370","tipo":"tienda","forma_pago":"45 dias","tiempoActivo":16},{"nombre":"almacenes la 371","tipo":"hipermercado","forma_pago":"45 dias","tiempoActivo":4},{"nombre":"almacenes la 372","tipo":"supermercado","forma_pago":"30 dias","tiempoActivo":17},{"nombre":"almacenes la 373","tipo":"supermercado","forma_pago":"10 dias","tiempoActivo":13},{"nombre":"almacenes la 374","tipo":"hipermercado","forma_pago":"60 dias","tiempoActivo":11},{"nombre":"almacenes la 375","tipo":"hipermercado","forma_pago":"10 dias","tiempoActivo":10},{"nombre":"almacenes la 376","tipo":"grandes superficies","forma_pago":"30 dias","tiempoActivo":15},{"nombre":"almacenes la 377","tipo":"supermercado","forma_pago":"30 dias","tiempoActivo":4},{"nombre":"almacenes la 378","tipo":"hipermercado","forma_pago":"10 dias","tiempoActivo":14},{"nombre":"almacenes la 379","tipo":"tienda","forma_pago":"30 dias","tiempoActivo":11},{"nombre":"almacenes la 380","tipo":"hipermercado","forma_pago":"60 dias","tiempoActivo":12},{"nombre":"almacenes la 381","tipo":"grandes superficies","forma_pago":"45 dias","tiempoActivo":4},{"nombre":"almacenes la 382","tipo":"tienda","forma_pago":"contado","tiempoActivo":9},{"nombre":"almacenes la 383","tipo":"grandes superficies","forma_pago":"10 dias","tiempoActivo":14},{"nombre":"almacenes la 384","tipo":"tienda","forma_pago":"45 dias","tiempoActivo":11},{"nombre":"almacenes la 385","tipo":"tienda","forma_pago":"30 dias","tiempoActivo":13},{"nombre":"almacenes la 386","tipo":"supermercado","forma_pago":"45 dias","tiempoActivo":12},{"nombre":"almacenes la 387","tipo":"supermercado","forma_pago":"60 dias","tiempoActivo":17},{"nombre":"almacenes la 388","tipo":"supermercado","forma_pago":"45 dias","tiempoActivo":5},{"nombre":"almacenes la 389","tipo":"tienda","forma_pago":"45 dias","tiempoActivo":2},{"nombre":"almacenes la 390","tipo":"hipermercado","forma_pago":"contado","tiempoActivo":2},{"nombre":"almacenes la 391","tipo":"tienda","forma_pago":"45 dias","tiempoActivo":0},{"nombre":"almacenes la 392","tipo":"grandes superficies","forma_pago":"45 dias","tiempoActivo":3},{"nombre":"almacenes la 393","tipo":"tienda","forma_pago":"60 dias","tiempoActivo":10},{"nombre":"almacenes la 394","tipo":"grandes superficies","forma_pago":"60 dias","tiempoActivo":12},{"nombre":"almacenes la 395","tipo":"tienda","forma_pago":"60 dias","tiempoActivo":4},{"nombre":"almacenes la 396","tipo":"supermercado","forma_pago":"10 dias","tiempoActivo":4},{"nombre":"almacenes la 397","tipo":"supermercado","forma_pago":"30 dias","tiempoActivo":16},{"nombre":"almacenes la 398","tipo":"grandes superficies","forma_pago":"60 dias","tiempoActivo":10},{"nombre":"almacenes la 399","tipo":"tienda","forma_pago":"30 dias","tiempoActivo":11},{"nombre":"almacenes la 400","tipo":"grandes superficies","forma_pago":"30 dias","tiempoActivo":14},{"nombre":"almacenes la 401","tipo":"hipermercado","forma_pago":"10 dias","tiempoActivo":11},{"nombre":"almacenes la 402","tipo":"hipermercado","forma_pago":"30 dias","tiempoActivo":16},{"nombre":"almacenes la 403","tipo":"tienda","forma_pago":"60 dias","tiempoActivo":2},{"nombre":"almacenes la 404","tipo":"grandes superficies","forma_pago":"60 dias","tiempoActivo":12},{"nombre":"almacenes la 405","tipo":"hipermercado","forma_pago":"60 dias","tiempoActivo":17},{"nombre":"almacenes la 406","tipo":"tienda","forma_pago":"10 dias","tiempoActivo":0},{"nombre":"almacenes la 407","tipo":"grandes superficies","forma_pago":"45 dias","tiempoActivo":1},{"nombre":"almacenes la 408","tipo":"hipermercado","forma_pago":"10 dias","tiempoActivo":6},{"nombre":"almacenes la 409","tipo":"hipermercado","forma_pago":"60 dias","tiempoActivo":4},{"nombre":"almacenes la 410","tipo":"grandes superficies","forma_pago":"contado","tiempoActivo":16},{"nombre":"almacenes la 411","tipo":"supermercado","forma_pago":"10 dias","tiempoActivo":11},{"nombre":"almacenes la 412","tipo":"hipermercado","forma_pago":"contado","tiempoActivo":12},{"nombre":"almacenes la 413","tipo":"grandes superficies","forma_pago":"30 dias","tiempoActivo":12},{"nombre":"almacenes la 414","tipo":"tienda","forma_pago":"30 dias","tiempoActivo":9},{"nombre":"almacenes la 415","tipo":"hipermercado","forma_pago":"10 dias","tiempoActivo":12},{"nombre":"almacenes la 416","tipo":"grandes superficies","forma_pago":"10 dias","tiempoActivo":3},{"nombre":"almacenes la 417","tipo":"tienda","forma_pago":"10 dias","tiempoActivo":6},{"nombre":"almacenes la 418","tipo":"supermercado","forma_pago":"30 dias","tiempoActivo":2},{"nombre":"almacenes la 419","tipo":"supermercado","forma_pago":"10 dias","tiempoActivo":5},{"nombre":"almacenes la 420","tipo":"grandes superficies","forma_pago":"10 dias","tiempoActivo":16},{"nombre":"almacenes la 421","tipo":"grandes superficies","forma_pago":"contado","tiempoActivo":14},{"nombre":"almacenes la 422","tipo":"grandes superficies","forma_pago":"60 dias","tiempoActivo":0},{"nombre":"almacenes la 423","tipo":"hipermercado","forma_pago":"45 dias","tiempoActivo":8},{"nombre":"almacenes la 424","tipo":"tienda","forma_pago":"30 dias","tiempoActivo":8},{"nombre":"almacenes la 425","tipo":"grandes superficies","forma_pago":"10 dias","tiempoActivo":11},{"nombre":"almacenes la 426","tipo":"grandes superficies","forma_pago":"10 dias","tiempoActivo":5},{"nombre":"almacenes la 427","tipo":"grandes superficies","forma_pago":"60 dias","tiempoActivo":1},{"nombre":"almacenes la 428","tipo":"grandes superficies","forma_pago":"45 dias","tiempoActivo":17},{"nombre":"almacenes la 429","tipo":"grandes superficies","forma_pago":"30 dias","tiempoActivo":0},{"nombre":"almacenes la 430","tipo":"hipermercado","forma_pago":"30 dias","tiempoActivo":17},{"nombre":"almacenes la 431","tipo":"tienda","forma_pago":"contado","tiempoActivo":13},{"nombre":"almacenes la 432","tipo":"tienda","forma_pago":"10 dias","tiempoActivo":14},{"nombre":"almacenes la 433","tipo":"tienda","forma_pago":"30 dias","tiempoActivo":6},{"nombre":"almacenes la 434","tipo":"tienda","forma_pago":"45 dias","tiempoActivo":2},{"nombre":"almacenes la 435","tipo":"supermercado","forma_pago":"60 dias","tiempoActivo":15},{"nombre":"almacenes la 436","tipo":"tienda","forma_pago":"30 dias","tiempoActivo":16},{"nombre":"almacenes la 437","tipo":"supermercado","forma_pago":"contado","tiempoActivo":9},{"nombre":"almacenes la 438","tipo":"hipermercado","forma_pago":"30 dias","tiempoActivo":13},{"nombre":"almacenes la 439","tipo":"hipermercado","forma_pago":"45 dias","tiempoActivo":6},{"nombre":"almacenes la 440","tipo":"tienda","forma_pago":"10 dias","tiempoActivo":11},{"nombre":"almacenes la 441","tipo":"grandes superficies","forma_pago":"contado","tiempoActivo":17},{"nombre":"almacenes la 442","tipo":"tienda","forma_pago":"30 dias","tiempoActivo":15},{"nombre":"almacenes la 443","tipo":"grandes superficies","forma_pago":"30 dias","tiempoActivo":14},{"nombre":"almacenes la 444","tipo":"hipermercado","forma_pago":"contado","tiempoActivo":11},{"nombre":"almacenes la 445","tipo":"hipermercado","forma_pago":"contado","tiempoActivo":3},{"nombre":"almacenes la 446","tipo":"hipermercado","forma_pago":"30 dias","tiempoActivo":6},{"nombre":"almacenes la 447","tipo":"supermercado","forma_pago":"45 dias","tiempoActivo":16},{"nombre":"almacenes la 448","tipo":"hipermercado","forma_pago":"contado","tiempoActivo":9},{"nombre":"almacenes la 449","tipo":"grandes superficies","forma_pago":"45 dias","tiempoActivo":6},{"nombre":"almacenes la 450","tipo":"tienda","forma_pago":"45 dias","tiempoActivo":12},{"nombre":"almacenes la 451","tipo":"grandes superficies","forma_pago":"10 dias","tiempoActivo":16},{"nombre":"almacenes la 452","tipo":"grandes superficies","forma_pago":"10 dias","tiempoActivo":16},{"nombre":"almacenes la 453","tipo":"grandes superficies","forma_pago":"contado","tiempoActivo":7},{"nombre":"almacenes la 454","tipo":"supermercado","forma_pago":"45 dias","tiempoActivo":15},{"nombre":"almacenes la 455","tipo":"tienda","forma_pago":"contado","tiempoActivo":7},{"nombre":"almacenes la 456","tipo":"hipermercado","forma_pago":"60 dias","tiempoActivo":17},{"nombre":"almacenes la 457","tipo":"tienda","forma_pago":"10 dias","tiempoActivo":14},{"nombre":"almacenes la 458","tipo":"grandes superficies","forma_pago":"contado","tiempoActivo":2},{"nombre":"almacenes la 459","tipo":"grandes superficies","forma_pago":"10 dias","tiempoActivo":4},{"nombre":"almacenes la 460","tipo":"supermercado","forma_pago":"10 dias","tiempoActivo":0},{"nombre":"almacenes la 461","tipo":"supermercado","forma_pago":"45 dias","tiempoActivo":2},{"nombre":"almacenes la 462","tipo":"grandes superficies","forma_pago":"30 dias","tiempoActivo":8},{"nombre":"almacenes la 463","tipo":"hipermercado","forma_pago":"10 dias","tiempoActivo":15},{"nombre":"almacenes la 464","tipo":"tienda","forma_pago":"contado","tiempoActivo":12},{"nombre":"almacenes la 465","tipo":"supermercado","forma_pago":"10 dias","tiempoActivo":2},{"nombre":"almacenes la 466","tipo":"grandes superficies","forma_pago":"30 dias","tiempoActivo":1},{"nombre":"almacenes la 467","tipo":"grandes superficies","forma_pago":"60 dias","tiempoActivo":12},{"nombre":"almacenes la 468","tipo":"supermercado","forma_pago":"10 dias","tiempoActivo":1},{"nombre":"almacenes la 469","tipo":"tienda","forma_pago":"45 dias","tiempoActivo":7},{"nombre":"almacenes la 470","tipo":"tienda","forma_pago":"30 dias","tiempoActivo":5},{"nombre":"almacenes la 471","tipo":"tienda","forma_pago":"45 dias","tiempoActivo":7},{"nombre":"almacenes la 472","tipo":"supermercado","forma_pago":"contado","tiempoActivo":15},{"nombre":"almacenes la 473","tipo":"tienda","forma_pago":"contado","tiempoActivo":1},{"nombre":"almacenes la 474","tipo":"hipermercado","forma_pago":"contado","tiempoActivo":0},{"nombre":"almacenes la 475","tipo":"supermercado","forma_pago":"contado","tiempoActivo":6},{"nombre":"almacenes la 476","tipo":"tienda","forma_pago":"45 dias","tiempoActivo":5},{"nombre":"almacenes la 477","tipo":"grandes superficies","forma_pago":"30 dias","tiempoActivo":9},{"nombre":"almacenes la 478","tipo":"tienda","forma_pago":"contado","tiempoActivo":8},{"nombre":"almacenes la 479","tipo":"grandes superficies","forma_pago":"30 dias","tiempoActivo":3},{"nombre":"almacenes la 480","tipo":"grandes superficies","forma_pago":"10 dias","tiempoActivo":10},{"nombre":"almacenes la 481","tipo":"grandes superficies","forma_pago":"30 dias","tiempoActivo":7},{"nombre":"almacenes la 482","tipo":"tienda","forma_pago":"contado","tiempoActivo":1},{"nombre":"almacenes la 483","tipo":"hipermercado","forma_pago":"60 dias","tiempoActivo":15},{"nombre":"almacenes la 484","tipo":"tienda","forma_pago":"60 dias","tiempoActivo":5},{"nombre":"almacenes la 485","tipo":"hipermercado","forma_pago":"contado","tiempoActivo":17},{"nombre":"almacenes la 486","tipo":"grandes superficies","forma_pago":"10 dias","tiempoActivo":9},{"nombre":"almacenes la 487","tipo":"grandes superficies","forma_pago":"contado","tiempoActivo":14},{"nombre":"almacenes la 488","tipo":"tienda","forma_pago":"30 dias","tiempoActivo":3},{"nombre":"almacenes la 489","tipo":"grandes superficies","forma_pago":"45 dias","tiempoActivo":4},{"nombre":"almacenes la 490","tipo":"grandes superficies","forma_pago":"60 dias","tiempoActivo":14},{"nombre":"almacenes la 491","tipo":"grandes superficies","forma_pago":"contado","tiempoActivo":12},{"nombre":"almacenes la 492","tipo":"grandes superficies","forma_pago":"contado","tiempoActivo":13},{"nombre":"almacenes la 493","tipo":"tienda","forma_pago":"60 dias","tiempoActivo":2},{"nombre":"almacenes la 494","tipo":"grandes superficies","forma_pago":"contado","tiempoActivo":15},{"nombre":"almacenes la 495","tipo":"tienda","forma_pago":"contado","tiempoActivo":9},{"nombre":"almacenes la 496","tipo":"grandes superficies","forma_pago":"10 dias","tiempoActivo":10},{"nombre":"almacenes la 497","tipo":"tienda","forma_pago":"contado","tiempoActivo":10},{"nombre":"almacenes la 498","tipo":"tienda","forma_pago":"contado","tiempoActivo":3},{"nombre":"almacenes la 499","tipo":"hipermercado","forma_pago":"60 dias","tiempoActivo":9},{"nombre":"almacenes la 500","tipo":"hipermercado","forma_pago":"30 dias","tiempoActivo":8},{"nombre":"almacenes la 501","tipo":"hipermercado","forma_pago":"60 dias","tiempoActivo":5},{"nombre":"almacenes la 502","tipo":"grandes superficies","forma_pago":"10 dias","tiempoActivo":17},{"nombre":"almacenes la 503","tipo":"grandes superficies","forma_pago":"30 dias","tiempoActivo":13},{"nombre":"almacenes la 504","tipo":"hipermercado","forma_pago":"60 dias","tiempoActivo":4},{"nombre":"almacenes la 505","tipo":"tienda","forma_pago":"30 dias","tiempoActivo":8},{"nombre":"almacenes la 506","tipo":"hipermercado","forma_pago":"30 dias","tiempoActivo":0},{"nombre":"almacenes la 507","tipo":"supermercado","forma_pago":"30 dias","tiempoActivo":17},{"nombre":"almacenes la 508","tipo":"tienda","forma_pago":"10 dias","tiempoActivo":17},{"nombre":"almacenes la 509","tipo":"tienda","forma_pago":"contado","tiempoActivo":16},{"nombre":"almacenes la 510","tipo":"hipermercado","forma_pago":"30 dias","tiempoActivo":7},{"nombre":"almacenes la 511","tipo":"hipermercado","forma_pago":"60 dias","tiempoActivo":6},{"nombre":"almacenes la 512","tipo":"supermercado","forma_pago":"contado","tiempoActivo":5},{"nombre":"almacenes la 513","tipo":"hipermercado","forma_pago":"10 dias","tiempoActivo":5},{"nombre":"almacenes la 514","tipo":"supermercado","forma_pago":"60 dias","tiempoActivo":10},{"nombre":"almacenes la 515","tipo":"grandes superficies","forma_pago":"10 dias","tiempoActivo":12},{"nombre":"almacenes la 516","tipo":"supermercado","forma_pago":"60 dias","tiempoActivo":8},{"nombre":"almacenes la 517","tipo":"tienda","forma_pago":"10 dias","tiempoActivo":11},{"nombre":"almacenes la 518","tipo":"supermercado","forma_pago":"45 dias","tiempoActivo":2},{"nombre":"almacenes la 519","tipo":"grandes superficies","forma_pago":"contado","tiempoActivo":4},{"nombre":"almacenes la 520","tipo":"tienda","forma_pago":"45 dias","tiempoActivo":5},{"nombre":"almacenes la 521","tipo":"tienda","forma_pago":"contado","tiempoActivo":13},{"nombre":"almacenes la 522","tipo":"tienda","forma_pago":"45 dias","tiempoActivo":14},{"nombre":"almacenes la 523","tipo":"tienda","forma_pago":"contado","tiempoActivo":7},{"nombre":"almacenes la 524","tipo":"hipermercado","forma_pago":"contado","tiempoActivo":3},{"nombre":"almacenes la 525","tipo":"hipermercado","forma_pago":"10 dias","tiempoActivo":5},{"nombre":"almacenes la 526","tipo":"grandes superficies","forma_pago":"30 dias","tiempoActivo":8},{"nombre":"almacenes la 527","tipo":"tienda","forma_pago":"45 dias","tiempoActivo":4},{"nombre":"almacenes la 528","tipo":"hipermercado","forma_pago":"60 dias","tiempoActivo":2},{"nombre":"almacenes la 529","tipo":"hipermercado","forma_pago":"30 dias","tiempoActivo":14},{"nombre":"almacenes la 530","tipo":"hipermercado","forma_pago":"10 dias","tiempoActivo":15},{"nombre":"almacenes la 531","tipo":"grandes superficies","forma_pago":"45 dias","tiempoActivo":5},{"nombre":"almacenes la 532","tipo":"hipermercado","forma_pago":"45 dias","tiempoActivo":1},{"nombre":"almacenes la 533","tipo":"supermercado","forma_pago":"45 dias","tiempoActivo":17},{"nombre":"almacenes la 534","tipo":"hipermercado","forma_pago":"45 dias","tiempoActivo":1},{"nombre":"almacenes la 535","tipo":"hipermercado","forma_pago":"45 dias","tiempoActivo":10},{"nombre":"almacenes la 536","tipo":"grandes superficies","forma_pago":"10 dias","tiempoActivo":17},{"nombre":"almacenes la 537","tipo":"tienda","forma_pago":"45 dias","tiempoActivo":8},{"nombre":"almacenes la 538","tipo":"tienda","forma_pago":"30 dias","tiempoActivo":7},{"nombre":"almacenes la 539","tipo":"supermercado","forma_pago":"contado","tiempoActivo":1},{"nombre":"almacenes la 540","tipo":"grandes superficies","forma_pago":"contado","tiempoActivo":7},{"nombre":"almacenes la 541","tipo":"hipermercado","forma_pago":"60 dias","tiempoActivo":0},{"nombre":"almacenes la 542","tipo":"tienda","forma_pago":"30 dias","tiempoActivo":10},{"nombre":"almacenes la 543","tipo":"tienda","forma_pago":"45 dias","tiempoActivo":17},{"nombre":"almacenes la 544","tipo":"grandes superficies","forma_pago":"30 dias","tiempoActivo":3},{"nombre":"almacenes la 545","tipo":"tienda","forma_pago":"30 dias","tiempoActivo":5},{"nombre":"almacenes la 546","tipo":"hipermercado","forma_pago":"10 dias","tiempoActivo":16},{"nombre":"almacenes la 547","tipo":"supermercado","forma_pago":"30 dias","tiempoActivo":9},{"nombre":"almacenes la 548","tipo":"tienda","forma_pago":"45 dias","tiempoActivo":9},{"nombre":"almacenes la 549","tipo":"hipermercado","forma_pago":"30 dias","tiempoActivo":2},{"nombre":"almacenes la 550","tipo":"supermercado","forma_pago":"contado","tiempoActivo":5},{"nombre":"almacenes la 551","tipo":"hipermercado","forma_pago":"45 dias","tiempoActivo":1},{"nombre":"almacenes la 552","tipo":"grandes superficies","forma_pago":"45 dias","tiempoActivo":15},{"nombre":"almacenes la 553","tipo":"hipermercado","forma_pago":"60 dias","tiempoActivo":9},{"nombre":"almacenes la 554","tipo":"supermercado","forma_pago":"30 dias","tiempoActivo":8},{"nombre":"almacenes la 555","tipo":"supermercado","forma_pago":"60 dias","tiempoActivo":6},{"nombre":"almacenes la 556","tipo":"supermercado","forma_pago":"60 dias","tiempoActivo":4},{"nombre":"almacenes la 557","tipo":"supermercado","forma_pago":"10 dias","tiempoActivo":12},{"nombre":"almacenes la 558","tipo":"hipermercado","forma_pago":"10 dias","tiempoActivo":4},{"nombre":"almacenes la 559","tipo":"hipermercado","forma_pago":"45 dias","tiempoActivo":5},{"nombre":"almacenes la 560","tipo":"grandes superficies","forma_pago":"30 dias","tiempoActivo":11},{"nombre":"almacenes la 561","tipo":"hipermercado","forma_pago":"45 dias","tiempoActivo":6},{"nombre":"almacenes la 562","tipo":"hipermercado","forma_pago":"contado","tiempoActivo":17},{"nombre":"almacenes la 563","tipo":"tienda","forma_pago":"10 dias","tiempoActivo":15},{"nombre":"almacenes la 564","tipo":"supermercado","forma_pago":"60 dias","tiempoActivo":15},{"nombre":"almacenes la 565","tipo":"grandes superficies","forma_pago":"30 dias","tiempoActivo":0},{"nombre":"almacenes la 566","tipo":"tienda","forma_pago":"10 dias","tiempoActivo":5},{"nombre":"almacenes la 567","tipo":"grandes superficies","forma_pago":"30 dias","tiempoActivo":16},{"nombre":"almacenes la 568","tipo":"grandes superficies","forma_pago":"45 dias","tiempoActivo":9},{"nombre":"almacenes la 569","tipo":"tienda","forma_pago":"contado","tiempoActivo":1},{"nombre":"almacenes la 570","tipo":"hipermercado","forma_pago":"30 dias","tiempoActivo":11},{"nombre":"almacenes la 571","tipo":"grandes superficies","forma_pago":"30 dias","tiempoActivo":8},{"nombre":"almacenes la 572","tipo":"tienda","forma_pago":"contado","tiempoActivo":8},{"nombre":"almacenes la 573","tipo":"supermercado","forma_pago":"10 dias","tiempoActivo":10},{"nombre":"almacenes la 574","tipo":"grandes superficies","forma_pago":"10 dias","tiempoActivo":5},{"nombre":"almacenes la 575","tipo":"supermercado","forma_pago":"10 dias","tiempoActivo":1},{"nombre":"almacenes la 576","tipo":"tienda","forma_pago":"45 dias","tiempoActivo":12},{"nombre":"almacenes la 577","tipo":"tienda","forma_pago":"contado","tiempoActivo":5},{"nombre":"almacenes la 578","tipo":"grandes superficies","forma_pago":"30 dias","tiempoActivo":10},{"nombre":"almacenes la 579","tipo":"supermercado","forma_pago":"45 dias","tiempoActivo":8},{"nombre":"almacenes la 580","tipo":"supermercado","forma_pago":"45 dias","tiempoActivo":11},{"nombre":"almacenes la 581","tipo":"hipermercado","forma_pago":"45 dias","tiempoActivo":7},{"nombre":"almacenes la 582","tipo":"hipermercado","forma_pago":"45 dias","tiempoActivo":11},{"nombre":"almacenes la 583","tipo":"hipermercado","forma_pago":"30 dias","tiempoActivo":8},{"nombre":"almacenes la 584","tipo":"supermercado","forma_pago":"10 dias","tiempoActivo":1},{"nombre":"almacenes la 585","tipo":"supermercado","forma_pago":"30 dias","tiempoActivo":15},{"nombre":"almacenes la 586","tipo":"hipermercado","forma_pago":"contado","tiempoActivo":1},{"nombre":"almacenes la 587","tipo":"hipermercado","forma_pago":"45 dias","tiempoActivo":3},{"nombre":"almacenes la 588","tipo":"grandes superficies","forma_pago":"contado","tiempoActivo":9},{"nombre":"almacenes la 589","tipo":"grandes superficies","forma_pago":"30 dias","tiempoActivo":1},{"nombre":"almacenes la 590","tipo":"hipermercado","forma_pago":"contado","tiempoActivo":4},{"nombre":"almacenes la 591","tipo":"supermercado","forma_pago":"60 dias","tiempoActivo":14},{"nombre":"almacenes la 592","tipo":"grandes superficies","forma_pago":"10 dias","tiempoActivo":1},{"nombre":"almacenes la 593","tipo":"tienda","forma_pago":"45 dias","tiempoActivo":15},{"nombre":"almacenes la 594","tipo":"grandes superficies","forma_pago":"30 dias","tiempoActivo":15},{"nombre":"almacenes la 595","tipo":"hipermercado","forma_pago":"45 dias","tiempoActivo":4},{"nombre":"almacenes la 596","tipo":"grandes superficies","forma_pago":"contado","tiempoActivo":6},{"nombre":"almacenes la 597","tipo":"hipermercado","forma_pago":"45 dias","tiempoActivo":11},{"nombre":"almacenes la 598","tipo":"grandes superficies","forma_pago":"60 dias","tiempoActivo":10},{"nombre":"almacenes la 599","tipo":"hipermercado","forma_pago":"60 dias","tiempoActivo":8},{"nombre":"almacenes la 600","tipo":"tienda","forma_pago":"60 dias","tiempoActivo":5},{"nombre":"almacenes la 601","tipo":"hipermercado","forma_pago":"30 dias","tiempoActivo":10},{"nombre":"almacenes la 602","tipo":"tienda","forma_pago":"10 dias","tiempoActivo":3},{"nombre":"almacenes la 603","tipo":"hipermercado","forma_pago":"30 dias","tiempoActivo":2},{"nombre":"almacenes la 604","tipo":"grandes superficies","forma_pago":"contado","tiempoActivo":4},{"nombre":"almacenes la 605","tipo":"hipermercado","forma_pago":"60 dias","tiempoActivo":8},{"nombre":"almacenes la 606","tipo":"tienda","forma_pago":"45 dias","tiempoActivo":10},{"nombre":"almacenes la 607","tipo":"supermercado","forma_pago":"contado","tiempoActivo":11},{"nombre":"almacenes la 608","tipo":"supermercado","forma_pago":"30 dias","tiempoActivo":2},{"nombre":"almacenes la 609","tipo":"hipermercado","forma_pago":"60 dias","tiempoActivo":13},{"nombre":"almacenes la 610","tipo":"hipermercado","forma_pago":"contado","tiempoActivo":12},{"nombre":"almacenes la 611","tipo":"grandes superficies","forma_pago":"30 dias","tiempoActivo":3},{"nombre":"almacenes la 612","tipo":"tienda","forma_pago":"10 dias","tiempoActivo":12},{"nombre":"almacenes la 613","tipo":"grandes superficies","forma_pago":"60 dias","tiempoActivo":2},{"nombre":"almacenes la 614","tipo":"supermercado","forma_pago":"30 dias","tiempoActivo":10},{"nombre":"almacenes la 615","tipo":"tienda","forma_pago":"30 dias","tiempoActivo":14},{"nombre":"almacenes la 616","tipo":"supermercado","forma_pago":"60 dias","tiempoActivo":8},{"nombre":"almacenes la 617","tipo":"hipermercado","forma_pago":"30 dias","tiempoActivo":7},{"nombre":"almacenes la 618","tipo":"hipermercado","forma_pago":"60 dias","tiempoActivo":2},{"nombre":"almacenes la 619","tipo":"hipermercado","forma_pago":"60 dias","tiempoActivo":15},{"nombre":"almacenes la 620","tipo":"grandes superficies","forma_pago":"60 dias","tiempoActivo":9},{"nombre":"almacenes la 621","tipo":"tienda","forma_pago":"10 dias","tiempoActivo":15},{"nombre":"almacenes la 622","tipo":"supermercado","forma_pago":"30 dias","tiempoActivo":14},{"nombre":"almacenes la 623","tipo":"tienda","forma_pago":"60 dias","tiempoActivo":4},{"nombre":"almacenes la 624","tipo":"supermercado","forma_pago":"contado","tiempoActivo":14},{"nombre":"almacenes la 625","tipo":"supermercado","forma_pago":"10 dias","tiempoActivo":14},{"nombre":"almacenes la 626","tipo":"supermercado","forma_pago":"45 dias","tiempoActivo":7},{"nombre":"almacenes la 627","tipo":"grandes superficies","forma_pago":"45 dias","tiempoActivo":10},{"nombre":"almacenes la 628","tipo":"tienda","forma_pago":"contado","tiempoActivo":16},{"nombre":"almacenes la 629","tipo":"tienda","forma_pago":"contado","tiempoActivo":15},{"nombre":"almacenes la 630","tipo":"tienda","forma_pago":"30 dias","tiempoActivo":2},{"nombre":"almacenes la 631","tipo":"hipermercado","forma_pago":"10 dias","tiempoActivo":14},{"nombre":"almacenes la 632","tipo":"supermercado","forma_pago":"60 dias","tiempoActivo":4},{"nombre":"almacenes la 633","tipo":"grandes superficies","forma_pago":"10 dias","tiempoActivo":12},{"nombre":"almacenes la 634","tipo":"grandes superficies","forma_pago":"10 dias","tiempoActivo":12},{"nombre":"almacenes la 635","tipo":"tienda","forma_pago":"30 dias","tiempoActivo":10},{"nombre":"almacenes la 636","tipo":"supermercado","forma_pago":"contado","tiempoActivo":8},{"nombre":"almacenes la 637","tipo":"tienda","forma_pago":"contado","tiempoActivo":2},{"nombre":"almacenes la 638","tipo":"supermercado","forma_pago":"10 dias","tiempoActivo":6},{"nombre":"almacenes la 639","tipo":"hipermercado","forma_pago":"60 dias","tiempoActivo":6},{"nombre":"almacenes la 640","tipo":"tienda","forma_pago":"60 dias","tiempoActivo":14},{"nombre":"almacenes la 641","tipo":"grandes superficies","forma_pago":"45 dias","tiempoActivo":8},{"nombre":"almacenes la 642","tipo":"tienda","forma_pago":"10 dias","tiempoActivo":4},{"nombre":"almacenes la 643","tipo":"hipermercado","forma_pago":"10 dias","tiempoActivo":11},{"nombre":"almacenes la 644","tipo":"hipermercado","forma_pago":"10 dias","tiempoActivo":8},{"nombre":"almacenes la 645","tipo":"grandes superficies","forma_pago":"contado","tiempoActivo":10},{"nombre":"almacenes la 646","tipo":"tienda","forma_pago":"10 dias","tiempoActivo":6},{"nombre":"almacenes la 647","tipo":"hipermercado","forma_pago":"contado","tiempoActivo":10},{"nombre":"almacenes la 648","tipo":"supermercado","forma_pago":"45 dias","tiempoActivo":10},{"nombre":"almacenes la 649","tipo":"grandes superficies","forma_pago":"30 dias","tiempoActivo":13},{"nombre":"almacenes la 650","tipo":"tienda","forma_pago":"60 dias","tiempoActivo":17},{"nombre":"almacenes la 651","tipo":"grandes superficies","forma_pago":"10 dias","tiempoActivo":7},{"nombre":"almacenes la 652","tipo":"supermercado","forma_pago":"60 dias","tiempoActivo":6},{"nombre":"almacenes la 653","tipo":"hipermercado","forma_pago":"60 dias","tiempoActivo":3},{"nombre":"almacenes la 654","tipo":"tienda","forma_pago":"45 dias","tiempoActivo":4},{"nombre":"almacenes la 655","tipo":"tienda","forma_pago":"60 dias","tiempoActivo":11},{"nombre":"almacenes la 656","tipo":"hipermercado","forma_pago":"30 dias","tiempoActivo":3},{"nombre":"almacenes la 657","tipo":"supermercado","forma_pago":"60 dias","tiempoActivo":9},{"nombre":"almacenes la 658","tipo":"tienda","forma_pago":"45 dias","tiempoActivo":7},{"nombre":"almacenes la 659","tipo":"grandes superficies","forma_pago":"contado","tiempoActivo":0},{"nombre":"almacenes la 660","tipo":"hipermercado","forma_pago":"10 dias","tiempoActivo":12},{"nombre":"almacenes la 661","tipo":"hipermercado","forma_pago":"45 dias","tiempoActivo":6},{"nombre":"almacenes la 662","tipo":"tienda","forma_pago":"60 dias","tiempoActivo":9},{"nombre":"almacenes la 663","tipo":"hipermercado","forma_pago":"10 dias","tiempoActivo":17},{"nombre":"almacenes la 664","tipo":"tienda","forma_pago":"45 dias","tiempoActivo":15},{"nombre":"almacenes la 665","tipo":"supermercado","forma_pago":"10 dias","tiempoActivo":13},{"nombre":"almacenes la 666","tipo":"tienda","forma_pago":"30 dias","tiempoActivo":9},{"nombre":"almacenes la 667","tipo":"supermercado","forma_pago":"45 dias","tiempoActivo":4},{"nombre":"almacenes la 668","tipo":"hipermercado","forma_pago":"45 dias","tiempoActivo":2},{"nombre":"almacenes la 669","tipo":"hipermercado","forma_pago":"30 dias","tiempoActivo":3},{"nombre":"almacenes la 670","tipo":"tienda","forma_pago":"contado","tiempoActivo":6},{"nombre":"almacenes la 671","tipo":"hipermercado","forma_pago":"60 dias","tiempoActivo":7},{"nombre":"almacenes la 672","tipo":"tienda","forma_pago":"45 dias","tiempoActivo":3},{"nombre":"almacenes la 673","tipo":"grandes superficies","forma_pago":"45 dias","tiempoActivo":0},{"nombre":"almacenes la 674","tipo":"grandes superficies","forma_pago":"10 dias","tiempoActivo":6},{"nombre":"almacenes la 675","tipo":"hipermercado","forma_pago":"30 dias","tiempoActivo":14},{"nombre":"almacenes la 676","tipo":"hipermercado","forma_pago":"60 dias","tiempoActivo":14},{"nombre":"almacenes la 677","tipo":"tienda","forma_pago":"contado","tiempoActivo":10},{"nombre":"almacenes la 678","tipo":"hipermercado","forma_pago":"10 dias","tiempoActivo":12},{"nombre":"almacenes la 679","tipo":"tienda","forma_pago":"60 dias","tiempoActivo":11},{"nombre":"almacenes la 680","tipo":"grandes superficies","forma_pago":"60 dias","tiempoActivo":16},{"nombre":"almacenes la 681","tipo":"grandes superficies","forma_pago":"10 dias","tiempoActivo":3},{"nombre":"almacenes la 682","tipo":"tienda","forma_pago":"30 dias","tiempoActivo":11},{"nombre":"almacenes la 683","tipo":"hipermercado","forma_pago":"contado","tiempoActivo":1},{"nombre":"almacenes la 684","tipo":"supermercado","forma_pago":"contado","tiempoActivo":3},{"nombre":"almacenes la 685","tipo":"grandes superficies","forma_pago":"45 dias","tiempoActivo":0},{"nombre":"almacenes la 686","tipo":"tienda","forma_pago":"60 dias","tiempoActivo":0},{"nombre":"almacenes la 687","tipo":"tienda","forma_pago":"60 dias","tiempoActivo":1},{"nombre":"almacenes la 688","tipo":"supermercado","forma_pago":"30 dias","tiempoActivo":10},{"nombre":"almacenes la 689","tipo":"grandes superficies","forma_pago":"45 dias","tiempoActivo":16},{"nombre":"almacenes la 690","tipo":"grandes superficies","forma_pago":"60 dias","tiempoActivo":3},{"nombre":"almacenes la 691","tipo":"hipermercado","forma_pago":"30 dias","tiempoActivo":8},{"nombre":"almacenes la 692","tipo":"grandes superficies","forma_pago":"60 dias","tiempoActivo":8},{"nombre":"almacenes la 693","tipo":"grandes superficies","forma_pago":"30 dias","tiempoActivo":15},{"nombre":"almacenes la 694","tipo":"supermercado","forma_pago":"contado","tiempoActivo":4},{"nombre":"almacenes la 695","tipo":"hipermercado","forma_pago":"contado","tiempoActivo":7},{"nombre":"almacenes la 696","tipo":"grandes superficies","forma_pago":"45 dias","tiempoActivo":15},{"nombre":"almacenes la 697","tipo":"grandes superficies","forma_pago":"30 dias","tiempoActivo":15},{"nombre":"almacenes la 698","tipo":"supermercado","forma_pago":"45 dias","tiempoActivo":4},{"nombre":"almacenes la 699","tipo":"tienda","forma_pago":"contado","tiempoActivo":0},{"nombre":"almacenes la 700","tipo":"tienda","forma_pago":"60 dias","tiempoActivo":4},{"nombre":"almacenes la 701","tipo":"grandes superficies","forma_pago":"10 dias","tiempoActivo":6},{"nombre":"almacenes la 702","tipo":"tienda","forma_pago":"30 dias","tiempoActivo":16},{"nombre":"almacenes la 703","tipo":"tienda","forma_pago":"10 dias","tiempoActivo":11},{"nombre":"almacenes la 704","tipo":"hipermercado","forma_pago":"10 dias","tiempoActivo":14},{"nombre":"almacenes la 705","tipo":"tienda","forma_pago":"contado","tiempoActivo":15},{"nombre":"almacenes la 706","tipo":"supermercado","forma_pago":"60 dias","tiempoActivo":13},{"nombre":"almacenes la 707","tipo":"tienda","forma_pago":"30 dias","tiempoActivo":6},{"nombre":"almacenes la 708","tipo":"tienda","forma_pago":"30 dias","tiempoActivo":12},{"nombre":"almacenes la 709","tipo":"supermercado","forma_pago":"45 dias","tiempoActivo":16},{"nombre":"almacenes la 710","tipo":"supermercado","forma_pago":"45 dias","tiempoActivo":17},{"nombre":"almacenes la 711","tipo":"hipermercado","forma_pago":"30 dias","tiempoActivo":1},{"nombre":"almacenes la 712","tipo":"tienda","forma_pago":"30 dias","tiempoActivo":0},{"nombre":"almacenes la 713","tipo":"supermercado","forma_pago":"60 dias","tiempoActivo":8},{"nombre":"almacenes la 714","tipo":"tienda","forma_pago":"30 dias","tiempoActivo":12},{"nombre":"almacenes la 715","tipo":"supermercado","forma_pago":"contado","tiempoActivo":9},{"nombre":"almacenes la 716","tipo":"supermercado","forma_pago":"60 dias","tiempoActivo":5},{"nombre":"almacenes la 717","tipo":"supermercado","forma_pago":"45 dias","tiempoActivo":2},{"nombre":"almacenes la 718","tipo":"supermercado","forma_pago":"30 dias","tiempoActivo":13},{"nombre":"almacenes la 719","tipo":"grandes superficies","forma_pago":"60 dias","tiempoActivo":14},{"nombre":"almacenes la 720","tipo":"tienda","forma_pago":"45 dias","tiempoActivo":6},{"nombre":"almacenes la 721","tipo":"supermercado","forma_pago":"60 dias","tiempoActivo":15},{"nombre":"almacenes la 722","tipo":"tienda","forma_pago":"30 dias","tiempoActivo":14},{"nombre":"almacenes la 723","tipo":"tienda","forma_pago":"45 dias","tiempoActivo":12},{"nombre":"almacenes la 724","tipo":"grandes superficies","forma_pago":"10 dias","tiempoActivo":17},{"nombre":"almacenes la 725","tipo":"hipermercado","forma_pago":"10 dias","tiempoActivo":1},{"nombre":"almacenes la 726","tipo":"tienda","forma_pago":"60 dias","tiempoActivo":16},{"nombre":"almacenes la 727","tipo":"tienda","forma_pago":"60 dias","tiempoActivo":4},{"nombre":"almacenes la 728","tipo":"hipermercado","forma_pago":"60 dias","tiempoActivo":1},{"nombre":"almacenes la 729","tipo":"tienda","forma_pago":"10 dias","tiempoActivo":17},{"nombre":"almacenes la 730","tipo":"grandes superficies","forma_pago":"10 dias","tiempoActivo":1},{"nombre":"almacenes la 731","tipo":"supermercado","forma_pago":"10 dias","tiempoActivo":3},{"nombre":"almacenes la 732","tipo":"hipermercado","forma_pago":"60 dias","tiempoActivo":10},{"nombre":"almacenes la 733","tipo":"hipermercado","forma_pago":"30 dias","tiempoActivo":11},{"nombre":"almacenes la 734","tipo":"supermercado","forma_pago":"60 dias","tiempoActivo":16},{"nombre":"almacenes la 735","tipo":"grandes superficies","forma_pago":"60 dias","tiempoActivo":4},{"nombre":"almacenes la 736","tipo":"hipermercado","forma_pago":"30 dias","tiempoActivo":4},{"nombre":"almacenes la 737","tipo":"tienda","forma_pago":"contado","tiempoActivo":6},{"nombre":"almacenes la 738","tipo":"hipermercado","forma_pago":"45 dias","tiempoActivo":7},{"nombre":"almacenes la 739","tipo":"tienda","forma_pago":"45 dias","tiempoActivo":13},{"nombre":"almacenes la 740","tipo":"hipermercado","forma_pago":"45 dias","tiempoActivo":11},{"nombre":"almacenes la 741","tipo":"supermercado","forma_pago":"contado","tiempoActivo":3},{"nombre":"almacenes la 742","tipo":"hipermercado","forma_pago":"10 dias","tiempoActivo":0},{"nombre":"almacenes la 743","tipo":"supermercado","forma_pago":"contado","tiempoActivo":5},{"nombre":"almacenes la 744","tipo":"grandes superficies","forma_pago":"60 dias","tiempoActivo":1},{"nombre":"almacenes la 745","tipo":"supermercado","forma_pago":"60 dias","tiempoActivo":10},{"nombre":"almacenes la 746","tipo":"hipermercado","forma_pago":"60 dias","tiempoActivo":6},{"nombre":"almacenes la 747","tipo":"supermercado","forma_pago":"30 dias","tiempoActivo":6},{"nombre":"almacenes la 748","tipo":"hipermercado","forma_pago":"30 dias","tiempoActivo":4},{"nombre":"almacenes la 749","tipo":"grandes superficies","forma_pago":"contado","tiempoActivo":0},{"nombre":"almacenes la 750","tipo":"hipermercado","forma_pago":"60 dias","tiempoActivo":12},{"nombre":"almacenes la 751","tipo":"hipermercado","forma_pago":"10 dias","tiempoActivo":14},{"nombre":"almacenes la 752","tipo":"supermercado","forma_pago":"45 dias","tiempoActivo":5},{"nombre":"almacenes la 753","tipo":"tienda","forma_pago":"30 dias","tiempoActivo":8},{"nombre":"almacenes la 754","tipo":"grandes superficies","forma_pago":"60 dias","tiempoActivo":17},{"nombre":"almacenes la 755","tipo":"tienda","forma_pago":"45 dias","tiempoActivo":16},{"nombre":"almacenes la 756","tipo":"hipermercado","forma_pago":"contado","tiempoActivo":12},{"nombre":"almacenes la 757","tipo":"hipermercado","forma_pago":"contado","tiempoActivo":4},{"nombre":"almacenes la 758","tipo":"grandes superficies","forma_pago":"30 dias","tiempoActivo":3},{"nombre":"almacenes la 759","tipo":"tienda","forma_pago":"45 dias","tiempoActivo":5},{"nombre":"almacenes la 760","tipo":"tienda","forma_pago":"10 dias","tiempoActivo":10},{"nombre":"almacenes la 761","tipo":"grandes superficies","forma_pago":"60 dias","tiempoActivo":6},{"nombre":"almacenes la 762","tipo":"hipermercado","forma_pago":"30 dias","tiempoActivo":5},{"nombre":"almacenes la 763","tipo":"tienda","forma_pago":"60 dias","tiempoActivo":17},{"nombre":"almacenes la 764","tipo":"supermercado","forma_pago":"contado","tiempoActivo":0},{"nombre":"almacenes la 765","tipo":"supermercado","forma_pago":"contado","tiempoActivo":7},{"nombre":"almacenes la 766","tipo":"tienda","forma_pago":"45 dias","tiempoActivo":17},{"nombre":"almacenes la 767","tipo":"tienda","forma_pago":"45 dias","tiempoActivo":11},{"nombre":"almacenes la 768","tipo":"supermercado","forma_pago":"contado","tiempoActivo":8},{"nombre":"almacenes la 769","tipo":"tienda","forma_pago":"60 dias","tiempoActivo":4},{"nombre":"almacenes la 770","tipo":"supermercado","forma_pago":"10 dias","tiempoActivo":9},{"nombre":"almacenes la 771","tipo":"supermercado","forma_pago":"60 dias","tiempoActivo":1},{"nombre":"almacenes la 772","tipo":"tienda","forma_pago":"60 dias","tiempoActivo":0},{"nombre":"almacenes la 773","tipo":"supermercado","forma_pago":"contado","tiempoActivo":8},{"nombre":"almacenes la 774","tipo":"supermercado","forma_pago":"contado","tiempoActivo":8},{"nombre":"almacenes la 775","tipo":"grandes superficies","forma_pago":"60 dias","tiempoActivo":11},{"nombre":"almacenes la 776","tipo":"grandes superficies","forma_pago":"contado","tiempoActivo":7},{"nombre":"almacenes la 777","tipo":"tienda","forma_pago":"contado","tiempoActivo":11},{"nombre":"almacenes la 778","tipo":"tienda","forma_pago":"10 dias","tiempoActivo":9},{"nombre":"almacenes la 779","tipo":"hipermercado","forma_pago":"45 dias","tiempoActivo":8},{"nombre":"almacenes la 780","tipo":"tienda","forma_pago":"60 dias","tiempoActivo":6},{"nombre":"almacenes la 781","tipo":"tienda","forma_pago":"contado","tiempoActivo":7},{"nombre":"almacenes la 782","tipo":"tienda","forma_pago":"45 dias","tiempoActivo":7},{"nombre":"almacenes la 783","tipo":"tienda","forma_pago":"60 dias","tiempoActivo":0},{"nombre":"almacenes la 784","tipo":"tienda","forma_pago":"10 dias","tiempoActivo":0},{"nombre":"almacenes la 785","tipo":"tienda","forma_pago":"30 dias","tiempoActivo":9},{"nombre":"almacenes la 786","tipo":"grandes superficies","forma_pago":"60 dias","tiempoActivo":6},{"nombre":"almacenes la 787","tipo":"supermercado","forma_pago":"contado","tiempoActivo":6},{"nombre":"almacenes la 788","tipo":"grandes superficies","forma_pago":"30 dias","tiempoActivo":13},{"nombre":"almacenes la 789","tipo":"grandes superficies","forma_pago":"10 dias","tiempoActivo":11},{"nombre":"almacenes la 790","tipo":"tienda","forma_pago":"contado","tiempoActivo":5},{"nombre":"almacenes la 791","tipo":"hipermercado","forma_pago":"contado","tiempoActivo":2},{"nombre":"almacenes la 792","tipo":"supermercado","forma_pago":"10 dias","tiempoActivo":1},{"nombre":"almacenes la 793","tipo":"supermercado","forma_pago":"contado","tiempoActivo":10},{"nombre":"almacenes la 794","tipo":"supermercado","forma_pago":"45 dias","tiempoActivo":9},{"nombre":"almacenes la 795","tipo":"tienda","forma_pago":"60 dias","tiempoActivo":3},{"nombre":"almacenes la 796","tipo":"supermercado","forma_pago":"45 dias","tiempoActivo":6},{"nombre":"almacenes la 797","tipo":"supermercado","forma_pago":"45 dias","tiempoActivo":1},{"nombre":"almacenes la 798","tipo":"tienda","forma_pago":"contado","tiempoActivo":3},{"nombre":"almacenes la 799","tipo":"supermercado","forma_pago":"60 dias","tiempoActivo":5},{"nombre":"almacenes la 800","tipo":"grandes superficies","forma_pago":"contado","tiempoActivo":9},{"nombre":"almacenes la 801","tipo":"hipermercado","forma_pago":"30 dias","tiempoActivo":14},{"nombre":"almacenes la 802","tipo":"hipermercado","forma_pago":"contado","tiempoActivo":4},{"nombre":"almacenes la 803","tipo":"supermercado","forma_pago":"contado","tiempoActivo":13},{"nombre":"almacenes la 804","tipo":"hipermercado","forma_pago":"contado","tiempoActivo":17},{"nombre":"almacenes la 805","tipo":"tienda","forma_pago":"contado","tiempoActivo":14},{"nombre":"almacenes la 806","tipo":"tienda","forma_pago":"10 dias","tiempoActivo":14},{"nombre":"almacenes la 807","tipo":"hipermercado","forma_pago":"30 dias","tiempoActivo":17},{"nombre":"almacenes la 808","tipo":"tienda","forma_pago":"10 dias","tiempoActivo":9},{"nombre":"almacenes la 809","tipo":"grandes superficies","forma_pago":"10 dias","tiempoActivo":12},{"nombre":"almacenes la 810","tipo":"tienda","forma_pago":"30 dias","tiempoActivo":15},{"nombre":"almacenes la 811","tipo":"hipermercado","forma_pago":"10 dias","tiempoActivo":13},{"nombre":"almacenes la 812","tipo":"grandes superficies","forma_pago":"60 dias","tiempoActivo":7},{"nombre":"almacenes la 813","tipo":"grandes superficies","forma_pago":"45 dias","tiempoActivo":7},{"nombre":"almacenes la 814","tipo":"tienda","forma_pago":"10 dias","tiempoActivo":12},{"nombre":"almacenes la 815","tipo":"supermercado","forma_pago":"10 dias","tiempoActivo":12},{"nombre":"almacenes la 816","tipo":"hipermercado","forma_pago":"10 dias","tiempoActivo":9},{"nombre":"almacenes la 817","tipo":"supermercado","forma_pago":"45 dias","tiempoActivo":8},{"nombre":"almacenes la 818","tipo":"tienda","forma_pago":"10 dias","tiempoActivo":13},{"nombre":"almacenes la 819","tipo":"supermercado","forma_pago":"60 dias","tiempoActivo":7},{"nombre":"almacenes la 820","tipo":"hipermercado","forma_pago":"60 dias","tiempoActivo":5},{"nombre":"almacenes la 821","tipo":"grandes superficies","forma_pago":"10 dias","tiempoActivo":1},{"nombre":"almacenes la 822","tipo":"supermercado","forma_pago":"contado","tiempoActivo":5},{"nombre":"almacenes la 823","tipo":"grandes superficies","forma_pago":"30 dias","tiempoActivo":6},{"nombre":"almacenes la 824","tipo":"supermercado","forma_pago":"45 dias","tiempoActivo":13},{"nombre":"almacenes la 825","tipo":"grandes superficies","forma_pago":"45 dias","tiempoActivo":16},{"nombre":"almacenes la 826","tipo":"supermercado","forma_pago":"60 dias","tiempoActivo":3},{"nombre":"almacenes la 827","tipo":"hipermercado","forma_pago":"45 dias","tiempoActivo":17},{"nombre":"almacenes la 828","tipo":"hipermercado","forma_pago":"10 dias","tiempoActivo":4},{"nombre":"almacenes la 829","tipo":"hipermercado","forma_pago":"60 dias","tiempoActivo":2},{"nombre":"almacenes la 830","tipo":"supermercado","forma_pago":"45 dias","tiempoActivo":2},{"nombre":"almacenes la 831","tipo":"supermercado","forma_pago":"30 dias","tiempoActivo":8},{"nombre":"almacenes la 832","tipo":"hipermercado","forma_pago":"10 dias","tiempoActivo":9},{"nombre":"almacenes la 833","tipo":"hipermercado","forma_pago":"60 dias","tiempoActivo":14},{"nombre":"almacenes la 834","tipo":"grandes superficies","forma_pago":"60 dias","tiempoActivo":10},{"nombre":"almacenes la 835","tipo":"tienda","forma_pago":"contado","tiempoActivo":9},{"nombre":"almacenes la 836","tipo":"hipermercado","forma_pago":"60 dias","tiempoActivo":6},{"nombre":"almacenes la 837","tipo":"hipermercado","forma_pago":"30 dias","tiempoActivo":15},{"nombre":"almacenes la 838","tipo":"tienda","forma_pago":"60 dias","tiempoActivo":2},{"nombre":"almacenes la 839","tipo":"tienda","forma_pago":"45 dias","tiempoActivo":17},{"nombre":"almacenes la 840","tipo":"grandes superficies","forma_pago":"contado","tiempoActivo":14},{"nombre":"almacenes la 841","tipo":"tienda","forma_pago":"contado","tiempoActivo":15},{"nombre":"almacenes la 842","tipo":"supermercado","forma_pago":"45 dias","tiempoActivo":10},{"nombre":"almacenes la 843","tipo":"supermercado","forma_pago":"60 dias","tiempoActivo":5},{"nombre":"almacenes la 844","tipo":"grandes superficies","forma_pago":"10 dias","tiempoActivo":1},{"nombre":"almacenes la 845","tipo":"hipermercado","forma_pago":"contado","tiempoActivo":1},{"nombre":"almacenes la 846","tipo":"hipermercado","forma_pago":"30 dias","tiempoActivo":2},{"nombre":"almacenes la 847","tipo":"hipermercado","forma_pago":"30 dias","tiempoActivo":11},{"nombre":"almacenes la 848","tipo":"tienda","forma_pago":"45 dias","tiempoActivo":9},{"nombre":"almacenes la 849","tipo":"grandes superficies","forma_pago":"30 dias","tiempoActivo":14},{"nombre":"almacenes la 850","tipo":"hipermercado","forma_pago":"45 dias","tiempoActivo":4},{"nombre":"almacenes la 851","tipo":"tienda","forma_pago":"contado","tiempoActivo":1},{"nombre":"almacenes la 852","tipo":"tienda","forma_pago":"10 dias","tiempoActivo":13},{"nombre":"almacenes la 853","tipo":"hipermercado","forma_pago":"45 dias","tiempoActivo":1},{"nombre":"almacenes la 854","tipo":"supermercado","forma_pago":"60 dias","tiempoActivo":5},{"nombre":"almacenes la 855","tipo":"hipermercado","forma_pago":"45 dias","tiempoActivo":17},{"nombre":"almacenes la 856","tipo":"tienda","forma_pago":"contado","tiempoActivo":16},{"nombre":"almacenes la 857","tipo":"hipermercado","forma_pago":"60 dias","tiempoActivo":1},{"nombre":"almacenes la 858","tipo":"grandes superficies","forma_pago":"10 dias","tiempoActivo":15},{"nombre":"almacenes la 859","tipo":"tienda","forma_pago":"45 dias","tiempoActivo":13},{"nombre":"almacenes la 860","tipo":"tienda","forma_pago":"contado","tiempoActivo":8},{"nombre":"almacenes la 861","tipo":"hipermercado","forma_pago":"60 dias","tiempoActivo":17},{"nombre":"almacenes la 862","tipo":"grandes superficies","forma_pago":"30 dias","tiempoActivo":11},{"nombre":"almacenes la 863","tipo":"hipermercado","forma_pago":"60 dias","tiempoActivo":10},{"nombre":"almacenes la 864","tipo":"hipermercado","forma_pago":"contado","tiempoActivo":14},{"nombre":"almacenes la 865","tipo":"supermercado","forma_pago":"60 dias","tiempoActivo":11},{"nombre":"almacenes la 866","tipo":"tienda","forma_pago":"45 dias","tiempoActivo":9},{"nombre":"almacenes la 867","tipo":"grandes superficies","forma_pago":"45 dias","tiempoActivo":13},{"nombre":"almacenes la 868","tipo":"tienda","forma_pago":"contado","tiempoActivo":5},{"nombre":"almacenes la 869","tipo":"grandes superficies","forma_pago":"10 dias","tiempoActivo":5},{"nombre":"almacenes la 870","tipo":"supermercado","forma_pago":"45 dias","tiempoActivo":8},{"nombre":"almacenes la 871","tipo":"supermercado","forma_pago":"60 dias","tiempoActivo":15},{"nombre":"almacenes la 872","tipo":"hipermercado","forma_pago":"60 dias","tiempoActivo":3},{"nombre":"almacenes la 873","tipo":"grandes superficies","forma_pago":"45 dias","tiempoActivo":2},{"nombre":"almacenes la 874","tipo":"tienda","forma_pago":"45 dias","tiempoActivo":9},{"nombre":"almacenes la 875","tipo":"grandes superficies","forma_pago":"60 dias","tiempoActivo":16},{"nombre":"almacenes la 876","tipo":"tienda","forma_pago":"contado","tiempoActivo":17},{"nombre":"almacenes la 877","tipo":"hipermercado","forma_pago":"contado","tiempoActivo":14},{"nombre":"almacenes la 878","tipo":"tienda","forma_pago":"contado","tiempoActivo":17},{"nombre":"almacenes la 879","tipo":"tienda","forma_pago":"30 dias","tiempoActivo":16},{"nombre":"almacenes la 880","tipo":"hipermercado","forma_pago":"45 dias","tiempoActivo":17},{"nombre":"almacenes la 881","tipo":"grandes superficies","forma_pago":"60 dias","tiempoActivo":3},{"nombre":"almacenes la 882","tipo":"hipermercado","forma_pago":"30 dias","tiempoActivo":17},{"nombre":"almacenes la 883","tipo":"grandes superficies","forma_pago":"30 dias","tiempoActivo":0},{"nombre":"almacenes la 884","tipo":"hipermercado","forma_pago":"45 dias","tiempoActivo":11},{"nombre":"almacenes la 885","tipo":"supermercado","forma_pago":"10 dias","tiempoActivo":5},{"nombre":"almacenes